{
  "$schema": "https://mintlify.com/docs.json",
  "theme": "mint",
  "name": "ReconZ",
  "colors": {
    "primary": "#00ff88",
    "light": "#e6fff5",
    "dark": "#020712"
  },
  "logo": {
    "src": "/logo.svg",
    "href": "https://reconz.xyz"
  },
  "topbarLinks": [
    {
      "name": "Website",
      "url": "https://reconz.xyz"
    },
    {
      "name": "Discord",
      "url": "https://discord.gg/your-invite-here"
    },
    {
      "name": "X (Twitter)",
      "url": "https://x.com/r3conz"
    }
  ],
  "navigation": {
    "pages": [
      "index"
    ],
    "groups": [
      {
        "group": "Getting started",
        "pages": [
          "getting-started"
        ]
      },
      {
        "group": "Core concepts",
        "pages": [
          "concepts/core-intelligence",
          "concepts/token-rcnz"
        ]
      },
      {
        "group": "Guides",
        "pages": [
          "guides/run-first-scan"
        ]
      }
    ]
  }
}
